Name,Price,Link,Img_url
" 에이수스 2024 비보북 S 15 라이젠5 라이젠 7000 시리즈, 뉴트럴 블랙, 512GB, 16GB, Free DOS, M5506NA-MA036 ","899,000",https://www.coupang.com/vp/products/8003096116?itemId=22296194064&vendorItemId=89341695020,https://thumbnail8.coupangcdn.com/thumbnails/remote/700x700ex/image/retail/images/969079224481455-d6d26080-32cb-44a1-be26-ac528f2857ef.jpg
" 기가바이트 2024 G5 KF5 15.6 코어i7 인텔 13세대 지포스 RTX 4060, 블랙, 1TB, 16GB, Free DOS ","1,499,000",https://www.coupang.com/vp/products/8000539317?itemId=22277681010&vendorItemId=89323300985,https://thumbnail8.coupangcdn.com/thumbnails/remote/700x700ex/image/retail/images/2024/04/01/17/3/40e1c9ab-10a0-40b4-b61b-27be2cad1835.jpg
" 레노버 2022 아이디어패드 슬림 1 15AMN7 15.6 라이젠3 라이젠 7000 시리즈, Cloud Grey (82VG), 256GB, 8GB, Free DOS, 82VG002EKR ","488,990",https://www.coupang.com/vp/products/6990469893?itemId=17107738286&vendorItemId=84281482577&pickType=COU_PICK,https://thumbnail8.coupangcdn.com/thumbnails/remote/700x700ex/image/retail/images/298805464638389-ca1c0934-3411-4ff0-a3aa-aea9cb288b28.jpg
" 에이수스 Vivobook Go 15 라이젠5 라이젠 7000 시리즈, 쿨 실버, 256GB, 16GB, WIN11 Home, E1504FA-BQ494 ","544,040",https://www.coupang.com/vp/products/7186200172?itemId=19658671019&vendorItemId=86755221728,https://thumbnail9.coupangcdn.com/thumbnails/remote/700x700ex/image/retail/images/1053692823742207-c650e023-5ef3-419f-8e41-cd494eb1fdd2.jpg
" LG전자 2023 그램15 코어i5 인텔 13세대, 스노우 화이트, 256GB, 16GB, WIN11 Home, 15Z90RU-GAOWK ","1,550,000",https://www.coupang.com/vp/products/7709148497?itemId=20660237250&vendorItemId=86160350574,https://thumbnail7.coupangcdn.com/thumbnails/remote/700x700ex/image/retail/images/3561561544309485-96a93cbb-2e44-4ab7-be63-9290bd7b37df.jpg
" 레노버 아이디어패드 슬림 1 15IJL7 15.6 셀러론 인텔 10세대, SAND, 128GB, 4GB, WIN11 Home, 82LX0085KR ","369,000",https://www.coupang.com/vp/products/7730143093?itemId=19320398788&vendorItemId=86434537380,https://thumbnail8.coupangcdn.com/thumbnails/remote/700x700ex/image/retail/images/667257208941927-3ecf062d-5b3e-4ed6-be22-82e05140fbf8.png
" 레노버 2023 아이디어패드 슬림 3 15IAH8 코어i5 인텔 12세대, Arctic Grey, 256GB, 16GB, Free DOS, 83ER005YKR ","679,000",https://www.coupang.com/vp/products/7743816755?itemId=20806316966&vendorItemId=87875366904,https://thumbnail10.coupangcdn.com/thumbnails/remote/700x700ex/image/retail/images/2023/11/24/10/1/b1ffd98b-f762-42f8-a098-60ec45c0fb47.jpg
" HP 2023 노트북 15 코어i5 인텔 13세대, Natural Silver, 512GB, 16GB, WIN11 Home, 15-fd0096tu ","858,990",https://www.coupang.com/vp/products/7505816676?itemId=18629263312&vendorItemId=85764591502,https://thumbnail6.coupangcdn.com/thumbnails/remote/700x700ex/image/retail/images/623794562281077-d15e9e25-6c15-440f-b330-2bbbb84c1379.jpg
" 에이수스 Vivobook Go 15 라이젠5 라이젠 7000 시리즈, 쿨 실버, 256GB, 16GB, Free DOS, E1504FA-BQ494 ","479,000",https://www.coupang.com/vp/products/7186200172?itemId=18133826276&vendorItemId=85284485959,https://thumbnail7.coupangcdn.com/thumbnails/remote/700x700ex/image/retail/images/1031029806945928-47bc6581-cd40-4598-b40f-39b48ae8ba93.jpg
" HP 2023 노트북 15 라이젠5 라이젠 7000 시리즈, Natural Silver, 512GB, 16GB, WIN11 Home, 15-fc0072AU ","739,000",https://www.coupang.com/vp/products/7505810587?itemId=18122375215&vendorItemId=85273457615,https://thumbnail6.coupangcdn.com/thumbnails/remote/700x700ex/image/retail/images/3635948036258645-4098e9f2-992e-4b82-b78e-52699a802bd2.png
" 에이수스 2023 비보북 16X 코어i5 인텔 13세대, 인디 블랙, 512GB, 8GB, Free DOS, K3604V ","654,240",https://www.coupang.com/vp/products/7462617107?itemId=19454671642&vendorItemId=86565249872,https://thumbnail9.coupangcdn.com/thumbnails/remote/700x700ex/image/retail/images/5055693793914438-db93f3bb-6fb3-4b79-a4dd-68a5304e4b4e.jpg
" LG 울트라PC 15U560 6세대 i5 HD520 15.6인치 윈도우10, WIN10, 8GB, 628GB, 코어i5, 화이트 ","288,000",https://www.coupang.com/vp/products/7724065197?itemId=20737564655&vendorItemId=87808008787,https://thumbnail9.coupangcdn.com/thumbnails/remote/700x700ex/image/vendor_inventory/1f6f/0ce51feed30deac90c26e9342cd28ae2186eaa05c64320780b89f87b2a05.jpg
" [LG 14Z950] 그램노트북 인텔 5세대 i5-5200 8G SSD256G 윈10 14풀HD, 화이트, 14Z950, 코어i5, 256GB, 8GB, WIN10 Pro ","287,000",https://www.coupang.com/vp/products/7896728819?itemId=21632309819&vendorItemId=87899341520,https://thumbnail6.coupangcdn.com/thumbnails/remote/700x700ex/image/vendor_inventory/e37d/fca43a60bc2489c5f8a54bb66d00c9012182c32ddb3dcc4ff2baf39eebd8.jpg
" 삼성노트북 NT550XED-K24A 윈도우11탑재 가성비 인강용 사무용 학생용 업무용 노트북 추천 한컴오피스 증정, 그라파이트, 펜티엄, 128GB, 8GB, Windows11Pro ","579,000",https://www.coupang.com/vp/products/7761832619?itemId=20932936461&vendorItemId=87802699270,https://thumbnail8.coupangcdn.com/thumbnails/remote/700x700ex/image/vendor_inventory/30ad/54e8d873a6336b3d0034f241c006e09e37dda5cb950c317b845217082b5b.jpg
" LG전자 2021 울트라 PC 14 셀러론, 화이트, 128GB, 4GB, WIN11 Home, 14U30P-LE12K ","489,600",https://www.coupang.com/vp/products/6372763434?itemId=19064151414&vendorItemId=86187002175,https://thumbnail8.coupangcdn.com/thumbnails/remote/700x700ex/image/retail/images/3564201908198878-6bf3674c-f1fc-4d81-b45d-f2906635d14a.jpg
" 레노버 2023 아이디어패드 슬림 3 15IAH8 코어i5 인텔 12세대, ARCTIC GREY, 512GB, 16GB, Free DOS, 83ER0060KR ","738,000",https://www.coupang.com/vp/products/7743816755?itemId=20841101281&vendorItemId=87908831614,https://thumbnail7.coupangcdn.com/thumbnails/remote/700x700ex/image/retail/images/2023/11/28/10/0/574b91e9-9a00-44c2-9035-46385e1cfbf0.jpg
" 베이직스 2022 베이직북 14 3세대 셀러론, White, 256GB, 8GB, WIN11 Pro, BB1422SS ","398,000",https://www.coupang.com/vp/products/6662026640?itemId=15294714959&vendorItemId=82515116791,https://thumbnail10.coupangcdn.com/thumbnails/remote/700x700ex/image/retail/images/306941332537116-b675bf77-956f-47d3-9538-7545943e0eb8.jpg
" LG 울트라PC 15U560 6세대 코어i5 8G SSD128GB Win10 화이트, WIN10 Home, 8GB, 128GB ","294,000",https://www.coupang.com/vp/products/6357416487?itemId=13404619609&vendorItemId=86251209576,https://thumbnail6.coupangcdn.com/thumbnails/remote/700x700ex/image/vendor_inventory/a58a/e0ca68f2e247a0830b9d782c7e04498f8a0908453b418aef1ccf252611fb.jpg
" HP 2023 빅터스 15 코어i5 인텔 12세대 지포스 RTX 4050, Mica Silver, 512GB, 16GB, Free DOS, 15-fa1108TX ","1,138,000",https://www.coupang.com/vp/products/7420594832?itemId=19248300034&vendorItemId=86364111900,https://thumbnail9.coupangcdn.com/thumbnails/remote/700x700ex/image/retail/images/4032731915319711-84471558-54f4-414a-acc0-52dbd043257e.jpg
" 레노버 2023 V15 G4 AMN 15.6 라이젠5 라이젠 7000 시리즈, ARCTIC GREY, 256GB, 8GB, Free DOS, 82YU000BKR ","509,000",https://www.coupang.com/vp/products/7485387396?itemId=19564829329&vendorItemId=86672724494,https://thumbnail8.coupangcdn.com/thumbnails/remote/700x700ex/image/retail/images/2023/07/24/15/0/dec4b885-2e9e-4384-b4ba-63aa5f342ee9.png
" 삼성노트북 NT371B5J 사무용노트북, WIN10 Pro, 16GB, 240GB, 코어i5, 블랙 ","299,000",https://www.coupang.com/vp/products/7581844823?itemId=19759845767&vendorItemId=86863192396,https://thumbnail7.coupangcdn.com/thumbnails/remote/700x700ex/image/vendor_inventory/52cc/cbe2a8639ea5723bc202efecb4a7ec72e7e2fc55d757d2241c26b07e8cb2.jpg
" HP 2023 노트북 255 G10 15.6 라이젠5 라이젠 7000 시리즈, 실버, 256GB, 8GB, Free DOS, 8L8J5PA ","588,000",https://www.coupang.com/vp/products/7589589691?itemId=20052820397&vendorItemId=87149010268,https://thumbnail10.coupangcdn.com/thumbnails/remote/700x700ex/image/retail/images/2023/09/11/12/4/973ef776-ae00-4821-a937-ed2290d10385.jpg
" 레노버 2023 V14 G4 IRU 코어i3 인텔 13세대, Iron Gray, 256GB, 16GB, Free DOS, 83A00006KR ","465,570",https://www.coupang.com/vp/products/7539256992?itemId=20470198304&vendorItemId=87537340769,https://thumbnail10.coupangcdn.com/thumbnails/remote/700x700ex/image/retail/images/2023/09/26/15/3/c28406c4-7f28-4ff7-aac8-fbb0a412c9f1.jpg
" LG 2023 울트라PC 엣지 16 라이젠5 라이젠 7000 시리즈, 차콜 그레이, 256GB, 16GB, WIN11 Home, 16U70R-GA56K ","1,118,000",https://www.coupang.com/vp/products/7355142712?itemId=18852975566&vendorItemId=85982221277,https://thumbnail9.coupangcdn.com/thumbnails/remote/700x700ex/image/retail/images/3508836489926432-26c2fd76-df0e-439f-b0e9-a406c98c32f4.jpg
" 삼성전자 삼성노트북 NT200B5C/i5-3210/4G/SSD128G/DVD멀티/15.6/1600*900/윈도우10/2.3kg/무상보증1년, NT200B5C, WIN10 Pro, 4GB, 128GB, 코어i5, 블랙 ","179,000",https://www.coupang.com/vp/products/6431304215?itemId=13881662519&vendorItemId=81135207478,https://thumbnail7.coupangcdn.com/thumbnails/remote/700x700ex/image/vendor_inventory/04f6/ac828ade4532a6706b1d6e3872c9ce6400b88f70b3e7950d65707015ed26.jpg
" 중고노트북 삼성 LG HP DELL 레노버 한성 ASUS 정품윈도우 SSD 대화면 노트북, 14/15인치, WIN10 Home, 4GB, 128GB, 코어i5, 블랙 ","99,000",https://www.coupang.com/vp/products/7376292269?itemId=19039045811&vendorItemId=86251127041,https://thumbnail8.coupangcdn.com/thumbnails/remote/700x700ex/image/vendor_inventory/7227/078d93c8b81eabbedbb19ad765116277d1221a8c0aea5155702f0a81836e.jpg
" LG전자 2023 울트라 PC 15 코어i3 인텔 13세대, 화이트, 256GB, 8GB, WIN11 Home, 15U50R-GR30K ","895,000",https://www.coupang.com/vp/products/7983748736?itemId=22166799149&vendorItemId=89213271709,https://thumbnail9.coupangcdn.com/thumbnails/remote/700x700ex/image/rs_quotation_api/9f7sjv4b/9b3ebd5bb9054f379b7bd60b86387d12.jpg
" HP 2024 노트북 15 코어i3 인텔 13세대, 다이아몬드 화이트(커버) + 내추럴 실버(베이스), 512GB, 8GB, WIN11 Home, 15-fd0242TU ","639,000",https://www.coupang.com/vp/products/7812122926?itemId=21193117761&vendorItemId=88254439621,https://thumbnail6.coupangcdn.com/thumbnails/remote/700x700ex/image/retail/images/2024/01/03/15/9/1ed9010e-aa8f-466a-8b7d-f7bff8b86d30.jpg
" 삼성 LG HP 노트북 i5 가정 업무 게임 포토샵 주식용 Win10 무상1년 사은품, 실버/블랙, 삼성NT371B5J, i5 4200, 500GB, 8GB ","286,000",https://www.coupang.com/vp/products/7527467832?itemId=19756553422&vendorItemId=88166484474,https://thumbnail6.coupangcdn.com/thumbnails/remote/700x700ex/image/vendor_inventory/ed6b/3db2d412484bbfaa7298f072cd8d26aa38afefb89baf7038ccf8322ac12c.jpg
" 삼성전자 갤럭시북4 15.6 코어I5 13세대 한컴오피스팩 및 무선마우스 정품 윈도우11 패키지 동봉, R-A51AG, WIN11 Home, 16GB, 512GB, 그레이 ","1,049,000",https://www.coupang.com/vp/products/7991194687?itemId=22212816611&vendorItemId=89258837393,https://thumbnail6.coupangcdn.com/thumbnails/remote/700x700ex/image/vendor_inventory/5d12/e2a91b134266478ba4eac810244be8ee1a774daa4915d573903645b60997.jpg
" 에이수스 2023 비보북 15 코어i5 인텔 13세대, 콰이어트 블루, 256GB, 8GB, Free DOS, X1502VA-BQ079 ","649,000",https://www.coupang.com/vp/products/7813671086?itemId=18344360011&vendorItemId=85871081496,https://thumbnail7.coupangcdn.com/thumbnails/remote/700x700ex/image/vendor_inventory/86a1/4ba38941f12cb1bbd201ffc56d8cae94093ad9cf9b53a197eef120af7f51.jpg
" LG전자 그램 14 코어 울트라5 인텔 Iris, 에센스 화이트, 256GB, 8GB, WIN11 Home, 14Z90S-GR5CK ","1,390,000",https://www.coupang.com/vp/products/7792795332?itemId=21086817496&vendorItemId=88148892190,https://thumbnail6.coupangcdn.com/thumbnails/remote/700x700ex/image/retail/images/1347383580896727-29b0a052-8e2f-4122-a681-b7b6acdd7fce.jpg
" 삼성노트북 NT301E5C-A i5 DDR3 8G SSD 128G 윈10, WIN10, 16GB, 128GB, 블랙 ","190,000",https://www.coupang.com/vp/products/7978510641?itemId=22126355482&vendorItemId=89173185019,https://thumbnail8.coupangcdn.com/thumbnails/remote/700x700ex/image/vendor_inventory/9cea/0c94b6af832379b46595664c95b1524c02e141bfd461a9ca468ff49d3705.jpg
" 삼성 노트북3 NT371B5J I5-4310M/8G/SSD256G/HD4600/15.6/WIN10, WIN10, 8GB, 256GB, I5, 투톤 ","189,000",https://www.coupang.com/vp/products/7581844823?itemId=21581453330&vendorItemId=88641369927,https://thumbnail8.coupangcdn.com/thumbnails/remote/700x700ex/image/vendor_inventory/815f/27bc4cc86703e91463e06016793a0cbfb67a1f4dbd66fabd4a9c55c345f9.jpg
" A급중고 삼성전자 노트북9 metal 초경량 NT901X5J인텔 7세대 i5 메모리 8GB 초고속 SSD 장착 15.6인치 FHD 윈도우10 설치, 미네랄 화이트, NT901X5J, 코어i5, 256GB, WIN10 Pro ","349,000",https://www.coupang.com/vp/products/7694779544?itemId=20586122179&vendorItemId=83443669935,https://thumbnail10.coupangcdn.com/thumbnails/remote/700x700ex/image/vendor_inventory/bfdd/5894f89e5a2848cd399a9c0700880389525985f498d53e94ea3331ae259d.jpg
" 삼성 노트북 I3-3210 4G ssd120G, 삼성노트북, 코어i5 3210, 120GB, 4GB, WIN10 Home ","149,000",https://www.coupang.com/vp/products/7650834051?itemId=20356479016&vendorItemId=88419754026,https://thumbnail8.coupangcdn.com/thumbnails/remote/700x700ex/image/vendor_inventory/fb19/86850bc8e237cb5b0d45cb90740c150bfd7e590de6da75d835dcf3ab5c0e.jpg
" 가성비 좋은 삼성 노트북 i5 4세대 8G SSD 240 NT370E5J, WIN10, 8GB, 240GB, 블랙그레이 ","175,000",https://www.coupang.com/vp/products/7905884013?itemId=21679735114&vendorItemId=88729875373,https://thumbnail8.coupangcdn.com/thumbnails/remote/700x700ex/image/vendor_inventory/9b9f/a45034d732ec939df5227a3fbe1bea6b986d1a14bbf8c99a09834893151e.jpg
" A급중고 Miix 700 2 IN 1 인텔 m5-6Y54/8G/128G/13.3 FHD+터치스크린/WIN10, WIN10, 8GB, 128GB, 골드 ","198,000",https://www.coupang.com/vp/products/7827957340?itemId=21282154977&vendorItemId=88342229597,https://thumbnail7.coupangcdn.com/thumbnails/remote/700x700ex/image/vendor_inventory/f68a/209d32d397062644c7aa35aa204ed5757fa2949036127f759b81af64e352.jpg
" 삼성노트북 NT301E5C-A i5 DDR3 8G SSD 128G 윈10, WIN10, 16GB, 256GB, 블랙 ","210,000",https://www.coupang.com/vp/products/7978510641?itemId=22126355484&vendorItemId=89173185024,https://thumbnail8.coupangcdn.com/thumbnails/remote/700x700ex/image/vendor_inventory/9cea/0c94b6af832379b46595664c95b1524c02e141bfd461a9ca468ff49d3705.jpg
" A급중고/삼성/LG/HP I5 I7 리퍼 중고노트북 리퍼노트북 게이밍노트북 기본SSD장착 WIN10, HP 430-G2, WIN10 Pro, 8GB, 128GB, 코어i5, 블랙 ","149,000",https://www.coupang.com/vp/products/7292982699?itemId=18644389198&vendorItemId=85790839977,https://thumbnail8.coupangcdn.com/thumbnails/remote/700x700ex/image/vendor_inventory/761e/68eace32c98bc052c5b895609f728730fabb67ecbef620df2204000c2805.jpg
" HP 2024 노트북 15 N100, 실버, 128GB, 4GB, WIN11 S, 15-fd0247TU ","354,460",https://www.coupang.com/vp/products/7812159807?itemId=21193285017&vendorItemId=88254604343,https://thumbnail7.coupangcdn.com/thumbnails/remote/700x700ex/image/retail/images/2024/01/03/15/2/39408baf-b44b-4e32-8b07-f5437c942c15.jpg
" LG전자 울트라PC 15U470 i5-7200U 16G Win10, 16GB, 1256GB, 코어i5, 화이트 ","395,000",https://www.coupang.com/vp/products/7353085098?itemId=18926590807&vendorItemId=86053529976,https://thumbnail6.coupangcdn.com/thumbnails/remote/700x700ex/image/vendor_inventory/c053/f4cded55ac91e991a25b8ae36cd7be769830676f94455269e4e82c7a6e18.jpg
" LG 울트라PC 15U560 6세대 i5 8G SSD Win10, 8GB, SSD 128, 포함 ","294,000",https://www.coupang.com/vp/products/5000628409?itemId=6684443376&vendorItemId=73978137925,https://thumbnail6.coupangcdn.com/thumbnails/remote/700x700ex/image/vendor_inventory/a58a/e0ca68f2e247a0830b9d782c7e04498f8a0908453b418aef1ccf252611fb.jpg
" 삼성전자 NT371B5L I7 16G 신품 SSD512 920MX WIN10, 블랙, 512GB, 16GB ","379,000",https://www.coupang.com/vp/products/5269169030?itemId=7504936507&vendorItemId=74795720729,https://thumbnail10.coupangcdn.com/thumbnails/remote/700x700ex/image/vendor_inventory/5273/b8a48210889b5097d5bc09d9dcd1f917132f4f483dc430055bbdb5873e19.jpg
" A급중고 DELL 레티튜드 E7470 i5-6300U/8G/SSD256G/HD520/14/WIN10 명품노트북 인강용, WIN10 Pro, 8GB, 256GB, 코어i5, 블랙 ","199,000",https://www.coupang.com/vp/products/7460811136?itemId=20262090326&vendorItemId=81131278678,https://thumbnail8.coupangcdn.com/thumbnails/remote/700x700ex/image/vendor_inventory/0809/706fcadb74cbe4f3ee9635dc70ae8cc044e4b856d05d0614351e684ac3cc.jpg
 삼성전자 NT371B5J i5 8G SSD256GB Win11 ,"247,000",https://www.coupang.com/vp/products/7694973129?itemId=20587023069&vendorItemId=82559002569,https://thumbnail7.coupangcdn.com/thumbnails/remote/700x700ex/image/vendor_inventory/5edf/9217a445934f795d145bccae5b76b17ed321cd76c3c11367c5d924f1a01e.jpg
" 삼성 노트북3 NT371B5J I5-4310M/8G/SSD256G/HD4600/15.6/WIN10, SAMSUNGNT371B5J, WIN10 Home, 8GB, 256GB, 코어i5, 블랙 ","238,000",https://www.coupang.com/vp/products/7581844823?itemId=14384439272&vendorItemId=81134022482,https://thumbnail10.coupangcdn.com/thumbnails/remote/700x700ex/image/vendor_inventory/f3e5/0a0dc84cf6445c327c4f83e05cdb668cbb7c876122f7691d89d85c5769b8.jpg
" LG 8세대 GRAM 14Z980 코어i5 16GB SSD256GB Win10, WIN10 Pro, 256GB, 화이트 ","559,000",https://www.coupang.com/vp/products/6458262639?itemId=14045718625&vendorItemId=87474683018,https://thumbnail7.coupangcdn.com/thumbnails/remote/700x700ex/image/vendor_inventory/8eb5/91e468e96ccbc035ab5ef591f0f9dc2f6bc7b58f1abdd09138b5ea4e1b9a.jpg
" [한정수량] 15인치 코어i5 램 8G SSD 240G WIN10 삼성노트북 랜덤발송, 랜덤, 8GB, 240GB, 랜덤 ","170,000",https://www.coupang.com/vp/products/7925795277?itemId=21788417959&vendorItemId=88837102067,https://thumbnail8.coupangcdn.com/thumbnails/remote/700x700ex/image/vendor_inventory/9cea/0c94b6af832379b46595664c95b1524c02e141bfd461a9ca468ff49d3705.jpg
" 주연테크 2023 캐리북T 13.3 펜티엄 실버, 메탈, 128GB, 4GB, WIN11 Pro, J3GP Pro ","348,190",https://www.coupang.com/vp/products/7413181963?itemId=2808814534&vendorItemId=70798384730,https://thumbnail8.coupangcdn.com/thumbnails/remote/700x700ex/image/retail/images/6493033861260-f447f812-fde9-45aa-9d26-afa9c6b2c7c0.jpg
" LG 울트라PC 15U560 6세대 i5 지포스940M 15.6인치 윈도우10, 8GB, WIN10 Pro, 628GB, 코어i5, 화이트 ","499,000",https://www.coupang.com/vp/products/6359373947?itemId=13418949659&vendorItemId=81165660205,https://thumbnail9.coupangcdn.com/thumbnails/remote/700x700ex/image/vendor_inventory/77b9/c66c78b9b0aa1a8441f644e002ba8108b8f0898ecfc75e7f38883a13c46d.jpg
" 삼성전자 시리즈3 NT301E5C i5-3210M 4G SSD128 Win10, WIN10 Pro, 4GB, 128GB, 코어i5 ","139,000",https://www.coupang.com/vp/products/6461078951?itemId=14061226032&vendorItemId=81308548818,https://thumbnail6.coupangcdn.com/thumbnails/remote/700x700ex/image/vendor_inventory/cd9d/2ed0e760fd95b37a34781d405c588cd31845e84792fce38630f9c996b497.jpg
" 레노버 씽크패드 T460S I5-6200U/8GB/SSD256GB/HD620/14인치/WIN10 PRO, 블랙, I5, 256GB, 8GB, WIN10 Pro ","199,000",https://www.coupang.com/vp/products/7677818783?itemId=20499422907&vendorItemId=86986275090,https://thumbnail7.coupangcdn.com/thumbnails/remote/700x700ex/image/vendor_inventory/80f1/b284b343435a37830d0f4e0bcaf9545c2d78e26d864a82f87f2526c86cdf.jpg
" LG 울트라PC 15U560 6세대 i7 지포스940M 15.6인치 윈도우10, WIN10, 8GB, 512GB, 코어i7, 화이트 ","399,000",https://www.coupang.com/vp/products/6465302909?itemId=14089607895&vendorItemId=87426161270,https://thumbnail8.coupangcdn.com/thumbnails/remote/700x700ex/image/vendor_inventory/1d51/f59e0c6e2a82a0ede8268cc3b7f7fd801ae0d4a42b80e132b9a09836ecdf.jpg
" LG XNOTE 15U560 I5-6300U/8G/SSD128G/HD520/15.6/WIN10, WIN10 ","298,000",https://www.coupang.com/vp/products/6431886792?itemId=13884262431&vendorItemId=81134023248,https://thumbnail10.coupangcdn.com/thumbnails/remote/700x700ex/image/vendor_inventory/0a4d/1098d95aa600f80c0bfd5baf40030b5851e65b517c9a4ab28a364e5aaa1e.jpg
" LG그램 17인치 15일 노트북렌탈 대여, WIN10, 16GB, 256GB, 화이트 ","59,900",https://www.coupang.com/vp/products/7891658887?itemId=21607399292&vendorItemId=88658816241,https://thumbnail8.coupangcdn.com/thumbnails/remote/700x700ex/image/vendor_inventory/c81c/6c5005b060c712ea67943974ddd30d8cf1045cfd4727e414c6ce630042dc.jpg
" LG전자 울트라PC 15인치 2023 최신 RAM 8GB SSD 256GB 윈도우11, 15UD40R-GX56K, WIN11 Home, 16GB, 512GB, 라이젠5, 화이트 ","769,000",https://www.coupang.com/vp/products/7704672281?itemId=21622597741&vendorItemId=88673641047,https://thumbnail10.coupangcdn.com/thumbnails/remote/700x700ex/image/vendor_inventory/88f7/5898f70ed92eb7d9bd0d4e9ed04de4dc49173fc3ccb7e9ff1d3b747a329e.jpg
" 삼성노트북 6세대 코어i5 블랙 사무용 8GB 128GB NT371B5L, NT501R3M, 코어i3, WIN10 ","279,300",https://www.coupang.com/vp/products/7679648453?itemId=20508847294&vendorItemId=86364042646,https://thumbnail9.coupangcdn.com/thumbnails/remote/700x700ex/image/vendor_inventory/d6c6/23cd0d5cab1ce5057d6bc96bcfb5c9bb09a12eec5b5a6161661114f9d04f.jpg
" MSI 2023 모던 14 라이젠5 라이젠 7000 시리즈, 매트블랙, 512GB, 8GB, Free DOS, MODERN 14 C7M-237XKR ","589,000",https://www.coupang.com/vp/products/7648407878?itemId=20343577592&vendorItemId=87428295010,https://thumbnail7.coupangcdn.com/thumbnails/remote/700x700ex/image/retail/images/2023/10/12/15/2/431f5c1d-52f7-4ae2-8a56-5c1a56e2569c.jpg
" 삼성 NT551EBE 8세대 i5 램8G SSD256 윈10 중고노트북, 코어i5, 256GB, 8GB, WIN10 ","329,000",https://www.coupang.com/vp/products/6545083239?itemId=17564518650&vendorItemId=88267274694,https://thumbnail6.coupangcdn.com/thumbnails/remote/700x700ex/image/vendor_inventory/729a/26f1e79f2c8689be44aefcb7d9a168451d3c35c1af257abeb4a4f554b8d8.jpg
" 에이수스 2023 비보북 15 코어i3 인텔 12세대, 쿨 실버, 256GB, 16GB, Free DOS, X1504ZA-BQ387 ","452,050",https://www.coupang.com/vp/products/7614895040?itemId=20469774084&vendorItemId=87537341443,https://thumbnail6.coupangcdn.com/thumbnails/remote/700x700ex/image/retail/images/784181816439133-26066361-6522-4ad4-bba5-b09aca3a0c24.jpg
" 삼성 노트북 NT200B5C-A i5 DDR3 8G SSD 128G 윈10, WIN10, 16GB, 128GB, 블랙 ","190,000",https://www.coupang.com/vp/products/7944366871?itemId=21898829242&vendorItemId=88946872374,https://thumbnail7.coupangcdn.com/thumbnails/remote/700x700ex/image/vendor_inventory/08dc/2ca416f454a549431f3be2d13a1399ec57502fff0125000857466e4c573c.jpg
" 삼성 노트북 NT200B5C-A i5 DDR3 8G SSD 128G 윈10, WIN10, 16GB, 256GB, 블랙 ","220,000",https://www.coupang.com/vp/products/7944366871?itemId=21898829249&vendorItemId=88946872429,https://thumbnail7.coupangcdn.com/thumbnails/remote/700x700ex/image/vendor_inventory/08dc/2ca416f454a549431f3be2d13a1399ec57502fff0125000857466e4c573c.jpg
" A급중고 삼성전자 노트북9 metal 초경량 NT901X5J인텔 7세대 i5 메모리 8GB 초고속 SSD 장착 15.6인치 FHD 윈도우10 설치, 미네랄 화이트, NT901X5J, 코어i5, 512GB, WIN10 Pro ","399,000",https://www.coupang.com/vp/products/7694779544?itemId=20586122178&vendorItemId=83443669922,https://thumbnail10.coupangcdn.com/thumbnails/remote/700x700ex/image/vendor_inventory/bfdd/5894f89e5a2848cd399a9c0700880389525985f498d53e94ea3331ae259d.jpg
" 삼성 LG HP 노트북 i5 가정 업무 게임 포토샵 주식용 Win10 무상1년 사은품, 실버/블랙, HP440G3, i5 6200, 240GB, 8GB ","246,000",https://www.coupang.com/vp/products/7527467832?itemId=21096939083&vendorItemId=88166484447,https://thumbnail9.coupangcdn.com/thumbnails/remote/700x700ex/image/vendor_inventory/ffc0/b7d592d602cc93e01b189ac67a7ee4be0de0a7bbf26ff6ee185c06e0df4b.jpg
" 베이직스 2023 베이직북S 10.1 셀러론, White, 128GB, 8GB, WIN11 Pro, BB1022FW ","398,000",https://www.coupang.com/vp/products/7250974223?itemId=18445032975&vendorItemId=85586013127,https://thumbnail7.coupangcdn.com/thumbnails/remote/700x700ex/image/retail/images/1711469613038219-5875d8df-2555-4fda-9157-83ffbb87e510.jpg
" 레노버 2023 V15 G4 코어i5 인텔 13세대, Iron Gray, 256GB, 8GB, Free DOS, 83A10001KR ","619,000",https://www.coupang.com/vp/products/7598185753?itemId=20093099130&vendorItemId=87188429638,https://thumbnail6.coupangcdn.com/thumbnails/remote/700x700ex/image/retail/images/2023/09/14/16/8/452ad541-0a0f-47f3-9204-ee54a33566dd.jpg
" 아이뮤즈 2020 스톰북 14.1 셀러론, White, 64GB, 4GB, WIN10 Home, StormBooK14 ","231,830",https://www.coupang.com/vp/products/1797052276?itemId=3114075481&vendorItemId=71101814090,https://thumbnail7.coupangcdn.com/thumbnails/remote/700x700ex/image/retail/images/1738997146616471-a0790518-9a60-4ab7-8c1b-9d8e954a579c.jpg
" A급중고/삼성/LG/HP I5 I7 리퍼 중고노트북 리퍼노트북 게이밍노트북 기본SSD장착 WIN10, 삼성 NT200B5C 지포스, WIN10 Pro, 8GB, 128GB, 코어i5, 블랙 ","179,000",https://www.coupang.com/vp/products/7292982699?itemId=18644591100&vendorItemId=85790839818,https://thumbnail7.coupangcdn.com/thumbnails/remote/700x700ex/image/vendor_inventory/04f6/ac828ade4532a6706b1d6e3872c9ce6400b88f70b3e7950d65707015ed26.jpg
" LG전자 그램 14 화이트 노트북 14Z980 코어i5-8250U 램12GB SSD256GB 윈10 탑재, WIN10 Home, 12GB, 256GB, 코어i5 8250U ","589,000",https://www.coupang.com/vp/products/6458262639?itemId=16386429388&vendorItemId=83577788207,https://thumbnail7.coupangcdn.com/thumbnails/remote/700x700ex/image/vendor_inventory/92df/21f0fc0bebb8bb4b458879e498dfe8e022e6e082562ab9759fce98351623.jpg
" 삼성 아티브북9 NT900 i7-4500 8G SSD256G Win10 중고노트북 베터리 50% 이상 보증, i7-5500 (B급), 8GB, 256GB, 실버 ","209,000",https://www.coupang.com/vp/products/7991213226?itemId=22212893795&vendorItemId=89276920539,https://thumbnail6.coupangcdn.com/thumbnails/remote/700x700ex/image/vendor_inventory/b0a8/beda01d7d20eca3920cc6c07e47f3299086e80dbf64d3a8dd27e66d00ca0.jpg
" 삼성노트북 NT550XED-K24A 윈도우11탑재 가성비 인강용 사무용 학생용 업무용 노트북 추천 한컴오피스 증정, 그라파이트, 펜티엄, 256GB, 8GB, Windows11Pro ","609,000",https://www.coupang.com/vp/products/7761832619?itemId=20932936460&vendorItemId=87802699290,https://thumbnail8.coupangcdn.com/thumbnails/remote/700x700ex/image/vendor_inventory/30ad/54e8d873a6336b3d0034f241c006e09e37dda5cb950c317b845217082b5b.jpg
" 에이수스 2022 익스퍼트북 B1 14 셀러론, 블랙, B1400CEAE, 128GB, 4GB, WIN11 Pro ","329,000",https://www.coupang.com/vp/products/7811544872?itemId=21190701225&vendorItemId=88538022792,https://thumbnail7.coupangcdn.com/thumbnails/remote/700x700ex/image/vendor_inventory/928f/3244038e89db5aff760c6b03badd09b282d270dc0a63be0789178395b015.jpg
" 삼성 초경량 13.3 중고노트북 NT911S3K i5-5200U 4GB SSD256GB WIN10, 256GB, 네이비 ","175,000",https://www.coupang.com/vp/products/7844834959?itemId=21365517110&vendorItemId=88422931810,https://thumbnail9.coupangcdn.com/thumbnails/remote/700x700ex/image/vendor_inventory/1cd0/8f1442362a0d87057dc64f851402b94bb194dfb511d9baee5f3895ff350c.jpg
" 레노버 2023 아이디어패드 슬림 3 15ABR8 15.6 라이젠5 라이젠 7000 시리즈, ARCTIC GREY, 256GB, 16GB, WIN11 Home, 82XM0039KR ","749,000",https://www.coupang.com/vp/products/7167043809?itemId=19658393157&vendorItemId=86757218254,https://thumbnail7.coupangcdn.com/thumbnails/remote/700x700ex/image/retail/images/4614961741418827-fff353f2-bb67-447f-9335-3e83cd55599d.jpg
" 레노버 2022 ThinkPad E15 G4 15.6 라이젠5 라이젠 5000 시리즈, Black, 256GB, 8GB, Free DOS, 21ED004EKD ","550,150",https://www.coupang.com/vp/products/7685586594?itemId=14472055834&vendorItemId=81715375492,https://thumbnail10.coupangcdn.com/thumbnails/remote/700x700ex/image/rs_quotation_api/6n2yh8es/897ec121f3be440eb29af09873ab7b36.jpg
" 삼성 노트북9 Always NT901X5T i7-8550U 램16G/8G SSD512G 윈10 (50대 한정 NVMe 1TB 무료UP), 실버, 코어i7, 512GB, 16GB, WIN10 Pro ","597,000",https://www.coupang.com/vp/products/7650235412?itemId=20353401900&vendorItemId=86616773392,https://thumbnail7.coupangcdn.com/thumbnails/remote/700x700ex/image/vendor_inventory/0301/bd0e2605b8dcaa4dda47e20c7ed7a8bebe1e5630d0fc935208b55939bd76.jpg
" 삼성노트북 NT301E5C-A i5 DDR3 8G SSD 128G 윈10, WIN10, 4GB, 256GB, 블랙 ","170,000",https://www.coupang.com/vp/products/7978510641?itemId=22126355479&vendorItemId=89173185012,https://thumbnail8.coupangcdn.com/thumbnails/remote/700x700ex/image/vendor_inventory/9cea/0c94b6af832379b46595664c95b1524c02e141bfd461a9ca468ff49d3705.jpg
" 레노버 2022 ThinkBook 15 G4 IAP 코어i5 인텔 12세대, 미네랄 그레이, 256GB, 16GB, Free DOS, 21DJ00C2KR ","799,000",https://www.coupang.com/vp/products/7525138115?itemId=19657616152&vendorItemId=86754747261,https://thumbnail10.coupangcdn.com/thumbnails/remote/700x700ex/image/retail/images/2022/08/08/16/2/f29f0f00-910e-4285-800c-7074382d069f.jpg
" 삼성 노트북 15.6인치 NT371B5L 사무용 가정용 인강용 게이밍 롤 포토샵 i5 ssd탑재 윈10 pro, 코어i5, 512GB, 16GB, WIN10 Pro ","389,000",https://www.coupang.com/vp/products/7310558711?itemId=20425617083&vendorItemId=85838715729,https://thumbnail10.coupangcdn.com/thumbnails/remote/700x700ex/image/vendor_inventory/20bc/22343633551fab34dfbe947e0b2b9c4e8c41ea6afec4bea9ca8d23ddc6ed.jpg
" 레노버 아이디어패드 Slim1-15ALC7, 15ALC7, Free DOS, 8GB, 256GB, 실버 ","379,000",https://www.coupang.com/vp/products/7821567883?itemId=21246418697&vendorItemId=88307015400,https://thumbnail10.coupangcdn.com/thumbnails/remote/700x700ex/image/vendor_inventory/2798/4fb60fcc9772f23884aca30e60d30d2275157175f7d0b2440fe4ae510aa1.jpg
" 삼성전자 갤럭시북 15.6 재택근무 학습용 노트북 한컴오피스팩 및 국내 정품 윈도우 패키지 동봉, NT550-I3, WIN11 Home, 8GB, 250GB, 코어i3, 실버 ","699,000",https://www.coupang.com/vp/products/6703045034?itemId=15532761761&vendorItemId=89292171900,https://thumbnail8.coupangcdn.com/thumbnails/remote/700x700ex/image/vendor_inventory/9e0d/64bd1304f15b98f261c15a9a07305c8afd2d295e832147a0307cd0f472f9.jpg
" 에이수스 2023 비보북 15 코어i3 인텔 12세대, 쿨 실버, 256GB, 16GB, WIN11 Home, X1504ZA-BQ387 ","538,900",https://www.coupang.com/vp/products/7614895040?itemId=20469779642&vendorItemId=87537608195,https://thumbnail6.coupangcdn.com/thumbnails/remote/700x700ex/image/retail/images/784181816439133-26066361-6522-4ad4-bba5-b09aca3a0c24.jpg
" LG전자 그램 14 코어 울트라5 인텔 Iris, 에센스 화이트, 256GB, 8GB, WIN11 Home, 14Z90S-GR5CK ","1,390,000",https://www.coupang.com/vp/products/7792795332?itemId=21086817496&vendorItemId=88148892190,https://thumbnail6.coupangcdn.com/thumbnails/remote/700x700ex/image/retail/images/1347383580896727-29b0a052-8e2f-4122-a681-b7b6acdd7fce.jpg
" 에이수스 2024 비보북 15 코어i3 인텔 12세대, 쿨 실버, 512GB, 8GB, Free DOS, X1504ZA-BQ1040 ","468,000",https://www.coupang.com/vp/products/7969218335?itemId=22066750339&vendorItemId=89113893316,https://thumbnail9.coupangcdn.com/thumbnails/remote/700x700ex/image/retail/images/2024/03/19/9/6/f7a2f249-499f-4655-b5c1-f44681f0d5be.jpg
" 삼성전자 노트북 9 metal NT901X5L i5-6200U 8G SSD Win10, WIN10 Home, 8GB, 512GB, 코어i5 ","322,100",https://www.coupang.com/vp/products/6455937069?itemId=14033324448&vendorItemId=81281631954,https://thumbnail10.coupangcdn.com/thumbnails/remote/700x700ex/image/vendor_inventory/771d/5b48dba3fae0896ab5426059d1d83244b4b8dfb8e86f7c9b4e696b6d0292.jpg
" 삼성전자 갤럭시북4 15.6 코어I5 13세대 한컴오피스팩 및 무선마우스 정품 윈도우11 패키지 동봉, R-A51AG, WIN11 Home, 16GB, 512GB, 그레이 ","1,049,000",https://www.coupang.com/vp/products/7991194687?itemId=22212816611&vendorItemId=89258837393,https://thumbnail6.coupangcdn.com/thumbnails/remote/700x700ex/image/vendor_inventory/5d12/e2a91b134266478ba4eac810244be8ee1a774daa4915d573903645b60997.jpg
" 삼성 노트북3 NT371B5J I5-4310M/16G/SSD512G/HD4600/15.6/WIN10, WIN10 Pro, 16GB, 512GB, 코어i5, 블랙 ","349,000",https://www.coupang.com/vp/products/7581844823?itemId=18821560888&vendorItemId=85951869399,https://thumbnail8.coupangcdn.com/thumbnails/remote/700x700ex/image/vendor_inventory/9d8b/646700ccd4a66670cda485ffa2ab182adf5d16a73f7e7ca33a871bd73662.jpg
" 삼성노트북 NT550XED-K24A 윈도우11탑재 가성비 인강용 사무용 학생용 업무용 노트북 추천 한컴오피스 증정, 실버, 펜티엄, 128GB, 8GB, Windows11Pro ","579,000",https://www.coupang.com/vp/products/7761832619?itemId=20932936469&vendorItemId=87802699218,https://thumbnail6.coupangcdn.com/thumbnails/remote/700x700ex/image/vendor_inventory/6feb/dec95f2c9a2220dc706dd9154a3b9f2800b76f979bde4cdd372aaa46229a.png
 LG 그램 14Z960 i5-6200 8G SSD256G Win10 가벼운 슬림한 노트북 980g ,"407,600",https://www.coupang.com/vp/products/4846122865?itemId=6267715305&vendorItemId=73563344463,https://thumbnail9.coupangcdn.com/thumbnails/remote/700x700ex/image/vendor_inventory/ee7b/c324abd623852451de6ae4f24c568db17898085573380a5d67dd223e380c.jpg
" 레노버 2023 아이디어패드 슬림 5i 14IRL 14 코어i5 인텔 13세대, Cloud Grey, 512GB, 16GB, Free DOS, 82XD002XKR ","999,000",https://www.coupang.com/vp/products/7355580399?itemId=18938714252&vendorItemId=86065251632,https://thumbnail9.coupangcdn.com/thumbnails/remote/700x700ex/image/retail/images/316865365115724-6bc24c39-66cb-4136-843a-5d80ca2ccc3a.jpg
" LG 노트북 그램 14Z980 가벼운 그램노트북 i5 DDR4 초고속 M.2 SSD 장착 윈도우10 프로, WIN10, 16GB, 256GB, 코어i5, 화이트 ","559,000",https://www.coupang.com/vp/products/6458262639?itemId=20176278777&vendorItemId=87268386180,https://thumbnail6.coupangcdn.com/thumbnails/remote/700x700ex/image/vendor_inventory/c92c/262e15739a7cc170cc7429fd45f03ea5832482511cbb985d789a44a0ba96.jpg
" 에이수스 2022 익스퍼트북 B1 14 셀러론, 블랙, B1400CEAE, 256GB, 8GB, WIN11 Pro ","379,000",https://www.coupang.com/vp/products/7811544872?itemId=21190701224&vendorItemId=88538022826,https://thumbnail7.coupangcdn.com/thumbnails/remote/700x700ex/image/vendor_inventory/928f/3244038e89db5aff760c6b03badd09b282d270dc0a63be0789178395b015.jpg
" 사무용 노트북 렌탈 대여 임대 사무용 가정용 회사용 관공서용 대량렌탈가능, 사무용노트북, WIN11 Pro, 8GB, 128GB, 코어i5, 30일 ","49,900",https://www.coupang.com/vp/products/7202643336?itemId=18209661299&vendorItemId=88659094050,https://thumbnail7.coupangcdn.com/thumbnails/remote/700x700ex/image/vendor_inventory/4518/68a15de88e4101b3d8c5f3cdd34bfe192804cec9bedb5308bd4181281010.jpg
" 에이수스 2024 비보북 고 15 코어i3 인텔 13세대, 쿨 실버, 512GB, 8GB, Free DOS, E1504GA-BQ483 ","410,930",https://www.coupang.com/vp/products/7923552475?itemId=21775970313&vendorItemId=88824783499,https://thumbnail6.coupangcdn.com/thumbnails/remote/700x700ex/image/retail/images/2024/02/27/15/9/a75ce2f2-b113-4e01-aa08-799e271cec8d.jpg
" LG 울트라노트북 i5 6200U RAM 16GB SSD 1TB 윈10 15UB470, WIN10, 코어i5, 화이트 ","539,000",https://www.coupang.com/vp/products/6848726966?itemId=16306703449&vendorItemId=83498976228,https://thumbnail8.coupangcdn.com/thumbnails/remote/700x700ex/image/vendor_inventory/d57a/9b005c17d80a86cee9d45c6f61d9b757f4d01ceca1584edd73c40b2ff658.jpg
" 삼성노트북 아티브북3 NT371B5J i5-4세대/RAM8GB/SSD256GB/WIN10/웹캠O/사무 주식 매장 학원 인강용 최적화, WIN10 Pro, 8GB, 256GB, 코어i5, 블랙엔그레이 ","238,000",https://www.coupang.com/vp/products/7581844823?itemId=20015861785&vendorItemId=87684239311,https://thumbnail6.coupangcdn.com/thumbnails/remote/700x700ex/image/vendor_inventory/2d14/ad9e40662fd50dde48e091f2657fab9dbc7745717faf8c2f9790f8a00291.jpg
" 에이수스 2023 비보북 15 코어i3 인텔 12세대, 쿨 실버, 256GB, 8GB, Free DOS, X1504ZA-BQ387 ","441,530",https://www.coupang.com/vp/products/7614895040?itemId=20175894635&vendorItemId=87267806771,https://thumbnail6.coupangcdn.com/thumbnails/remote/700x700ex/image/retail/images/784181816439133-26066361-6522-4ad4-bba5-b09aca3a0c24.jpg
" 레노버 2023 아이디어패드 슬림 3 16ABR8 16 라이젠5 라이젠 7000 시리즈, Arctic Grey (82XR), 256GB, 16GB, Free DOS, 82XR000HKR ","699,000",https://www.coupang.com/vp/products/7211760125?itemId=18252880585&vendorItemId=85399584183,https://thumbnail7.coupangcdn.com/thumbnails/remote/700x700ex/image/retail/images/7191589779785790-b7349e82-4005-4d3b-a143-e571eb257fe3.jpg
" 사무용 노트북 렌탈 대여 임대 사무용 가정용 회사용 관공서용 대량렌탈가능, 사무용노트북, WIN11 Pro, 8GB, 128GB, 코어i5, 15일 ","34,900",https://www.coupang.com/vp/products/7202643336?itemId=18209661289&vendorItemId=88659094057,https://thumbnail7.coupangcdn.com/thumbnails/remote/700x700ex/image/vendor_inventory/4518/68a15de88e4101b3d8c5f3cdd34bfe192804cec9bedb5308bd4181281010.jpg
" 에이수스 2024 젠북 14 코어Ultra9 인텔 14세대, 폰더 블루, 1TB, 32GB, WIN11 Home, UX3405MA-PZ293W ","1,769,630",https://www.coupang.com/vp/products/7921342535?itemId=21762532767&vendorItemId=88811478393,https://thumbnail8.coupangcdn.com/thumbnails/remote/700x700ex/image/retail/images/2024/02/26/17/5/53894428-607c-4ad9-815b-0bef6411fe14.jpg
" LG 그램 14Z960 14ZB970 I5-6200U/8G/SSD512 슬림한 노트북 무게 980g, LG 14ZB970, WIN10 Pro, 12GB, 512GB, 화이트 ","498,000",https://www.coupang.com/vp/products/7835500865?itemId=21317725272&vendorItemId=88377133669,https://thumbnail7.coupangcdn.com/thumbnails/remote/700x700ex/image/vendor_inventory/3739/6f2c551e2c31deda26722c4564193fc90b5aa863bf0f7fbb4a1de64f44cc.jpg
" LG그램 17인치 30일 노트북렌탈 대여, WIN10, 16GB, 256GB, 화이트 ","99,900",https://www.coupang.com/vp/products/7891652292?itemId=21607364258&vendorItemId=88658781494,https://thumbnail7.coupangcdn.com/thumbnails/remote/700x700ex/image/vendor_inventory/fd29/668289a57a7057448ec194fba3f7fac42d28554afcae1301ebe2507baea0.jpg
 LG 15UB470 I5-6200/8G/SSD128G/HD520/15.6/WIN10 ,"299,000",https://www.coupang.com/vp/products/6431886426?itemId=13884260765&vendorItemId=81134022413,https://thumbnail9.coupangcdn.com/thumbnails/remote/700x700ex/image/vendor_inventory/3b6e/2c236329691b426b33c76b71c4a473930980d633eed5c7209aefd5ab0644.jpg
" 삼성 사무용 인강 노트북 인텔 i5 i7 SSD장착 윈10 홈, NT370E, WIN10 Home, 8GB, 128GB, 코어i5 4세대, 블랙 ","259,000",https://www.coupang.com/vp/products/7228207012?itemId=18334398651&vendorItemId=85478856335,https://thumbnail6.coupangcdn.com/thumbnails/remote/700x700ex/image/vendor_inventory/1d58/73b130bdf00f54ab049fd604f139af07f4b6119b6e3a2d074e517ca916e6.jpg
" [새상품] LG 그램 17인치 노트북 17ZB90R 13세대 i7 16G 512G, 17ZB90R-K.AAC7U1, WIN11 Home, 16GB, 512GB, 블랙 ","1,399,000",https://www.coupang.com/vp/products/7927507637?itemId=21796827092&vendorItemId=89278316704,https://thumbnail10.coupangcdn.com/thumbnails/remote/700x700ex/image/vendor_inventory/ac10/0841536a12b39a69fdb001bf3e56be4bfc3100e56efb2c5d5eeea226c31a.jpg
" 베이직스 2023 베이직북 14 프로 코어i5 인텔 10세대, White, 256GB, 8GB, WIN11 Home, BP1423FW ","583,000",https://www.coupang.com/vp/products/7623579480?itemId=20217333667&vendorItemId=87307043076,https://thumbnail9.coupangcdn.com/thumbnails/remote/700x700ex/image/retail/images/3230211055951530-29f24d24-ff8c-402b-bb14-be6f51ff4212.jpg
" 중고노트북 삼성 LG HP DELL 레노버 한성 ASUS 정품윈도우 SSD 대화면 노트북, WIN10 Home, 4GB, 128GB, 코어i5, 블랙 ","109,000",https://www.coupang.com/vp/products/7376292269?itemId=19039045812&vendorItemId=86251127033,https://thumbnail8.coupangcdn.com/thumbnails/remote/700x700ex/image/vendor_inventory/7227/078d93c8b81eabbedbb19ad765116277d1221a8c0aea5155702f0a81836e.jpg
" 델 2023 인스피론 15 3520 15.6 코어i5 인텔 12세대, 카본 블랙, 256GB, 16GB, WIN11 Home, DN3520-UB02KR ","569,000",https://www.coupang.com/vp/products/6750512228?itemId=19657726417&vendorItemId=85916724832,https://thumbnail8.coupangcdn.com/thumbnails/remote/700x700ex/image/vendor_inventory/5509/3e08b44ba65997e4733bf2be0b4d528d3f28de5dc71ebfe956f496b3c677.jpg
" LG 울트라 PC 15.6인치 7세대 SSD장착 윈도우11 프로, 15UB470, WIN11 Pro, 8GB, 128GB ","319,000",https://www.coupang.com/vp/products/7776389143?itemId=21007132507&vendorItemId=88070969964,https://thumbnail8.coupangcdn.com/thumbnails/remote/700x700ex/image/vendor_inventory/3f30/c65af253dd1ca0bd5bb5e64bac8b80b7a485b5428ed3ac6ab1f3d1b381ee.jpg
" 에이수스 2024 비보북 17 코어i5 인텔 13세대, 콰이어트 블루, 512GB, 8GB, Free DOS, X1704VA-AU316 ","698,980",https://www.coupang.com/vp/products/7913163663?itemId=21719049150&vendorItemId=88768313096,https://thumbnail8.coupangcdn.com/thumbnails/remote/700x700ex/image/retail/images/2024/02/21/14/5/16c95a12-3f92-46f3-84d8-00119d72da93.jpg
" 삼성전자 갤럭시북 15.6 재택근무 학습용 노트북 한컴오피스팩 및 국내 정품 윈도우 패키지 동봉, R-A51AS, WIN11 Home, 16GB, 500GB, 실버 ","1,099,000",https://www.coupang.com/vp/products/6703045034?itemId=22208711598&vendorItemId=89292171785,https://thumbnail6.coupangcdn.com/thumbnails/remote/700x700ex/image/vendor_inventory/833d/fe45d368e6f27641feba3bd491631cc1863adbf0adf2cb0fa72b75f39c23.jpg
" 삼성전자 노트북 15.6인치 FHD NT371B5L i5-6300HQ 16GB NVMe 256 윈10, 삼성전자 노트북 NT371B5L, WIN10, 256GB, 블랙 ","269,000",https://www.coupang.com/vp/products/7923082632?itemId=21773502048&vendorItemId=88822353709,https://thumbnail9.coupangcdn.com/thumbnails/remote/700x700ex/image/vendor_inventory/6ae1/b7f458f2b2d5fdb39369c05e2ccc5511366a746680813acb0c56e9cf7cb7.png
" 레노버 2023 아이디어패드 슬림 5 라이트 14ABR8 14 라이젠5 라이젠 7000 시리즈, CLOUD GREY, 512GB, 16GB, Free DOS, 82XS001CKR ","1,299,000",https://www.coupang.com/vp/products/7248164858?itemId=18431584059&vendorItemId=89201851922,https://thumbnail6.coupangcdn.com/thumbnails/remote/700x700ex/image/vendor_inventory/d3f6/d3615c60809fe10f0b139fa138a7a20057102d1a00d426c2e7bb5b3b24dc.jpg
" LG 노트북 그램 14Z980 가벼운 그램노트북 i5 DDR4 초고속 M.2 SSD 장착 윈도우10 프로, WIN10, 16GB, 512GB, 코어i5, 화이트 ","598,000",https://www.coupang.com/vp/products/6458262639?itemId=20176278780&vendorItemId=87268386158,https://thumbnail6.coupangcdn.com/thumbnails/remote/700x700ex/image/vendor_inventory/c92c/262e15739a7cc170cc7429fd45f03ea5832482511cbb985d789a44a0ba96.jpg
" HP 2023 노트북 15 코어i3 인텔 12세대, Jet Black, 256GB, 8GB, Free DOS, 15-fd0102TU ","444,500",https://www.coupang.com/vp/products/7824092703?itemId=18807094470&vendorItemId=85937717422,https://thumbnail6.coupangcdn.com/thumbnails/remote/700x700ex/image/retail/images/2023/05/11/15/4/1bc82021-2543-4b24-9d1a-a8fc7693c97f.jpg
" 삼성 노트북 15.6인치 NT371B5L 사무용 가정용 인강용 게이밍 롤 포토샵 i5 ssd탑재 윈10 pro, 코어i5, 128GB, 8GB, WIN10 Pro ","299,000",https://www.coupang.com/vp/products/7310558711?itemId=20425617081&vendorItemId=85838715726,https://thumbnail10.coupangcdn.com/thumbnails/remote/700x700ex/image/vendor_inventory/20bc/22343633551fab34dfbe947e0b2b9c4e8c41ea6afec4bea9ca8d23ddc6ed.jpg
" HP 2024 노트북 15 코어i3 인텔 13세대, 다이아몬드 화이트(커버) + 내추럴 실버(베이스), 512GB, 16GB, WIN11 Home, 15-fd0242TU ","698,940",https://www.coupang.com/vp/products/7812122926?itemId=21714870701&vendorItemId=88753629695,https://thumbnail6.coupangcdn.com/thumbnails/remote/700x700ex/image/retail/images/2024/01/03/15/9/1ed9010e-aa8f-466a-8b7d-f7bff8b86d30.jpg
" LG전자 2023 울트라PC 15 15U40R-GRTWK - WIN11 설치 모델로 출고됩니다., WIN11 Home, 32GB, 2TB, 라이젠3, 화이트 ","829,000",https://www.coupang.com/vp/products/7742204752?itemId=20832770469&vendorItemId=87900844253,https://thumbnail7.coupangcdn.com/thumbnails/remote/700x700ex/image/vendor_inventory/2ce7/35a4c3b73eebf15dcadbf058e0667fec627183f63ca92f12c978ab38d75b.png
" 삼성전자 노트북 5 코어i5 8세대 SSD탑재 NT551EBE 그레이 코어i5-8265U 램8GB SSD256GB 윈10 Pro 탑재, WIN10 Pro, 16GB, 256GB ","439,000",https://www.coupang.com/vp/products/7858718354?itemId=21439584473&vendorItemId=88494229480,https://thumbnail9.coupangcdn.com/thumbnails/remote/700x700ex/image/vendor_inventory/0497/dff970a8ddec32b8b88d6afe49bb3c8c08e1b9f8d8a6017dd8b21d03485e.jpg
" 에이수스 2023 젠북 15 OLED 라이젠7 라이젠 7000 시리즈, 폰더 블루, 512GB, 16GB, WIN11 Home, UM3504DA-MA180W ","1,053,860",https://www.coupang.com/vp/products/7812355971?itemId=19083612870&vendorItemId=86205882304,https://thumbnail7.coupangcdn.com/thumbnails/remote/700x700ex/image/retail/images/3296235849631243-46948ee9-ded4-4ada-93b8-3692e4e3dd83.jpg
" HP 2024 노트북 17s 코어i5 인텔 12세대, 네추럴 실버, 512GB, 16GB, WIN11 Home, 17s-cu2023TU Super ","889,000",https://www.coupang.com/vp/products/7926021665?itemId=21789429004&vendorItemId=88838094078,https://thumbnail10.coupangcdn.com/thumbnails/remote/700x700ex/image/rs_quotation_api/hhuiwrop/090c2f7d59854f61bc11a009549241df.jpg
" 삼성전자 NT371B5J i5 8G SSD256GB Win10, 256GB, 8GB, WIN10 Home ","238,000",https://www.coupang.com/vp/products/7331106764?itemId=15338290512&vendorItemId=82559003468,https://thumbnail7.coupangcdn.com/thumbnails/remote/700x700ex/image/vendor_inventory/5edf/9217a445934f795d145bccae5b76b17ed321cd76c3c11367c5d924f1a01e.jpg
" 레노버 2023 V15 G4 코어i5 인텔 13세대, Iron Gray, 256GB, 16GB, Free DOS, 83A10001KR ","646,250",https://www.coupang.com/vp/products/7598185753?itemId=20470030189&vendorItemId=87537341268,https://thumbnail6.coupangcdn.com/thumbnails/remote/700x700ex/image/retail/images/2023/09/14/16/8/452ad541-0a0f-47f3-9204-ee54a33566dd.jpg
" HP 2023 엘리트북 655 G10 15.6, 실버, 512GB, 16GB, Win11 Home, G10-80R49PA ","785,540",https://www.coupang.com/vp/products/7813788607?itemId=21283237537&vendorItemId=88331188293,https://thumbnail9.coupangcdn.com/thumbnails/remote/700x700ex/image/retail/images/2023/08/25/10/6/db571279-d16b-40f2-b0d0-7b7d89c2a0dd.jpg
" 삼성전자 갤럭시북4 15.6 코어I5 13세대 한컴오피스팩 및 무선마우스 정품 윈도우11 패키지 동봉, R-A51AS, WIN11 Home, 16GB, 512GB, 실버 ","1,049,000",https://www.coupang.com/vp/products/7991194687?itemId=22212816645&vendorItemId=89258837469,https://thumbnail6.coupangcdn.com/thumbnails/remote/700x700ex/image/vendor_inventory/833d/fe45d368e6f27641feba3bd491631cc1863adbf0adf2cb0fa72b75f39c23.jpg
" A급중고 LG 15N540 I5-4310M/16G/SSD256G/HD4600/15.6 HD/WIN10 게이밍북, WIN10 Pro, 16GB, 256GB, 코어i5, 실버 ","279,000",https://www.coupang.com/vp/products/6838627007?itemId=16255031935&vendorItemId=83448145690,https://thumbnail8.coupangcdn.com/thumbnails/remote/700x700ex/image/vendor_inventory/00a4/6885c6249b8fb0e86c2d4882636f524140dfdc9845418bf40496debbba20.png
" Apple 2020 맥북 에어 13, 스페이스 그레이, M1, 256GB, 8GB, A2337 ","1,064,520",https://www.coupang.com/vp/products/4322481134?itemId=5033261049&vendorItemId=72343055641,https://thumbnail6.coupangcdn.com/thumbnails/remote/700x700ex/image/retail/images/397296000467275-5a83a375-06a6-4c00-9e16-ffd2687b23c8.jpg
" 에이수스 2024 ROG 스트릭스 G16 코어i9 인텔 13세대 지포스 RTX 4060, Eclipse Gray, 1TB, 16GB, Free DOS, G614JV-N4117 ","1,999,000",https://www.coupang.com/vp/products/7961471716?itemId=22012062077&vendorItemId=89059477637,https://thumbnail8.coupangcdn.com/thumbnails/remote/700x700ex/image/retail/images/2024/03/15/16/4/fa43cda5-5d2d-4553-bd97-762ecd28d658.jpg
" 레노버 2024 요가 슬림 7 14IMH9 코어Ultra7 인텔 14세대, Luna Grey, 1TB, 32GB, Free DOS, 83CV0025KR ","1,449,000",https://www.coupang.com/vp/products/7903115265?itemId=21665266327&vendorItemId=88715870030,https://thumbnail6.coupangcdn.com/thumbnails/remote/700x700ex/image/rs_quotation_api/pa1cstwo/6e5d2a7e9b27463f90331cb235fdcb0d.jpg
" LG 8세대 GRAM 14Z980 코어i5 16GB SSD256GB Win10, 4. 14Z980, WIN10 Home, 8GB, 256GB ","529,000",https://www.coupang.com/vp/products/6458262639?itemId=19245692570&vendorItemId=87748226535,https://thumbnail10.coupangcdn.com/thumbnails/remote/700x700ex/image/vendor_inventory/419e/23bf6a2b4af170ab91abbaf4d7f46810a78c41f6957e77aa90c40bd03ca2.jpg
" 에이수스 2023 젠북 15 라이젠5 라이젠 7000 시리즈, 폰더 블루, 512GB, 16GB, WIN11 Home, UM3504DA-BN144 ","949,000",https://www.coupang.com/vp/products/7387505030?itemId=19209841671&vendorItemId=86318458019,https://thumbnail10.coupangcdn.com/thumbnails/remote/700x700ex/image/retail/images/785732141559482-ea91d0a5-05ba-420d-9e34-823e5669fe02.jpg
" 삼성노트북 NT550XED-K24A 윈도우11탑재 가성비 인강용 사무용 학생용 업무용 노트북 추천 한컴오피스 증정, 실버, 펜티엄, 1128GB, 16GB, Windows11Pro ","739,000",https://www.coupang.com/vp/products/7761832619?itemId=20932936473&vendorItemId=87802699182,https://thumbnail6.coupangcdn.com/thumbnails/remote/700x700ex/image/vendor_inventory/6feb/dec95f2c9a2220dc706dd9154a3b9f2800b76f979bde4cdd372aaa46229a.png
" LG전자 그램14 14Z980 8세대i5 램16G SSD512G 윈도우10 (50대 한정 nvme1TB 무료 업그레이드), 화이트, 코어i5, 1TB, 16GB, WIN10 Home ","649,000",https://www.coupang.com/vp/products/7672138851?itemId=20469536886&vendorItemId=87370495163,https://thumbnail10.coupangcdn.com/thumbnails/remote/700x700ex/image/vendor_inventory/da4b/88ebe222edccd9efae8d0d5c66fa4ec033ff3be05cadd01e696443bfb63b.jpg
" 삼성 15.6인치 12세대 갤럭시북2 윈도우11 프로, NT550XEZ, WIN11 Pro, 8GB, 256GB ","669,000",https://www.coupang.com/vp/products/7789815300?itemId=21072701436&vendorItemId=89011219536,https://thumbnail7.coupangcdn.com/thumbnails/remote/700x700ex/image/vendor_inventory/559e/9faa5fa96d1f647a38d37e5aa2b426e11353154a0fe4b5418336709a1c6b.jpg
" 삼성 15.6인치 사무용 노트북 i5 6세대 SSD장착 윈10프로 무선마우스, NT501R5A, WIN10 Pro, 16GB, 256GB, 코어i5, 블랙 ","339,000",https://www.coupang.com/vp/products/6429531818?itemId=20259578104&vendorItemId=86939243780,https://thumbnail9.coupangcdn.com/thumbnails/remote/700x700ex/image/vendor_inventory/e05a/f0a343fa22d293e0adb7b4ce2761e85c00eb0ff94ecf724e373e0173054d.jpg
" 점퍼 노트북 12G/SSD 256G/14/DDR4/가성비/슬림/초경량/업무용/그레이, WIN11 Home, grey, 12GB ","275,000",https://www.coupang.com/vp/products/7927785930?itemId=21798363657&vendorItemId=88279109923,https://thumbnail10.coupangcdn.com/thumbnails/remote/700x700ex/image/vendor_inventory/065a/aabdb4b4f929328987cd6c434927d6b9d42f8f3ab8c104f0d56e0bb17e83.jpg
" LG전자 울트라PC 15인치 2023 최신 RAM 8GB SSD 256GB 윈도우11, 15UD40R-GX56K, WIN11 Home, 라이젠5, 화이트 ","699,000",https://www.coupang.com/vp/products/7704672281?itemId=20637506675&vendorItemId=87711133097,https://thumbnail10.coupangcdn.com/thumbnails/remote/700x700ex/image/vendor_inventory/88f7/5898f70ed92eb7d9bd0d4e9ed04de4dc49173fc3ccb7e9ff1d3b747a329e.jpg
" MSI Sword GF76 17.3 코어i7 인텔 13세대 지포스 RTX 4060, 블랙, 1TB, 32GB, WIN11 Pro, GF76 B13VFK ","1,699,000",https://www.coupang.com/vp/products/7813920189?itemId=18096555281&vendorItemId=87686291075,https://thumbnail6.coupangcdn.com/thumbnails/remote/700x700ex/image/vendor_inventory/7260/3eff4dd179aa6ddfd3622a5656e7feb628c92ed72067db63509a2d6df5a6.jpg
" HP 2024 노트북 15 코어i5 인텔 14세대, Ceramic White, 512GB, 16GB, Free DOS, 15-fd1026TU ","799,000",https://www.coupang.com/vp/products/7883496994?itemId=21565572672&vendorItemId=88617565595,https://thumbnail10.coupangcdn.com/thumbnails/remote/700x700ex/image/retail/images/2024/02/07/13/4/bb88211f-13a3-4fb8-a5c4-23da3e1814e9.jpg
" 무선마우스 증정 LG전자 울트라PC GX5DK GX56K 15인치 노트북, 화이트, 라이젠5, 1TB, 32GB, WIN11 Home ","999,000",https://www.coupang.com/vp/products/7672059508?itemId=20469140125&vendorItemId=80265996292,https://thumbnail7.coupangcdn.com/thumbnails/remote/700x700ex/image/vendor_inventory/dccd/c44ebc531c2d9f7cee61e9bd0cf527b65bf4732c2edfc3c9e1894bb5b955.jpg
" 에이수스 2024 TUF 게이밍 F17 코어i7 인텔 13세대 지포스 RTX 4050, 메카 그레이, 512GB, 16GB, Free DOS, FX707VU-HX107 ","1,448,000",https://www.coupang.com/vp/products/7881914474?itemId=21557504427&vendorItemId=88610087334,https://thumbnail9.coupangcdn.com/thumbnails/remote/700x700ex/image/retail/images/2024/02/06/17/8/93cb2ec7-386f-4b08-ad59-db15c4ea4741.jpg
" HP 2023 노트북 15, 네추럴 실버, 라이젠7, 512GB, 16GB, Free DOS, 15S-EQ2259AU ","535,960",https://www.coupang.com/vp/products/7699509423?itemId=21283402073&vendorItemId=88331188630,https://thumbnail6.coupangcdn.com/thumbnails/remote/700x700ex/image/rs_quotation_api/u4iw1bns/2baf8d4183a04b958d9680ff58ab1dce.jpg
" 델 2023 인스피론 15 3525 라이젠5 라이젠 7000 시리즈, 카본 블랙, 512GB, 16GB, WIN11 Home, DN3525-W002KR ","689,000",https://www.coupang.com/vp/products/7650957219?itemId=20357239618&vendorItemId=87441459705,https://thumbnail6.coupangcdn.com/thumbnails/remote/700x700ex/image/retail/images/2023/10/13/17/1/632069f8-45cc-4aeb-8953-5b7732afdbe4.jpg
" 에이수스 2023 TUF 게이밍 F17 코어i9 인텔 13세대 지포스 RTX 4060, Mecha Gray, 512GB, 16GB, Free DOS, FX707VV4-LL017 ","1,651,570",https://www.coupang.com/vp/products/7685535167?itemId=18099432023&vendorItemId=85251635448,https://thumbnail8.coupangcdn.com/thumbnails/remote/700x700ex/image/retail/images/744738290034361-cab95799-7262-4be2-bd15-b4eb448a0367.jpg
" HP 2024 오멘 16 코어i5 인텔 13세대 지포스 RTX 4060, Shadow Black, 512GB, 32GB, WIN11 Home, 16-wf0186TX ","1,719,000",https://www.coupang.com/vp/products/7856554737?itemId=21428011707&vendorItemId=88484095153,https://thumbnail9.coupangcdn.com/thumbnails/remote/700x700ex/image/retail/images/2024/01/25/17/6/976e485c-3ff0-4df4-b2a9-ca63d6dae15a.jpg
" 아이뮤즈 2021 스톰북5 15.6 셀러론, 화이트, 192GB, 4GB, WIN10 Home, STORMBOOK5 ","307,430",https://www.coupang.com/vp/products/4919158053?itemId=14122208000&vendorItemId=77771039646,https://thumbnail7.coupangcdn.com/thumbnails/remote/700x700ex/image/retail/images/573394963587476-0cdd5be5-2246-433d-af81-3329dc89e344.jpg
" 삼성 LG HP 노트북 i5 가정 업무 게임 포토샵 주식용 Win10 무상1년 사은품, 블랙, 삼성NT371B5L, i5 6200, 500GB, 8GB ","326,000",https://www.coupang.com/vp/products/7527467832?itemId=19756553427&vendorItemId=88166484485,https://thumbnail6.coupangcdn.com/thumbnails/remote/700x700ex/image/vendor_inventory/187c/0f62ffa858237612a8009acd54521d2d248580e9314d207fb46e92c18e8d.jpg
" 베이직스 2023 베이직북 14 프로 코어i5 인텔 10세대, White, 256GB, 8GB, Free DOS, BP1423FW ","458,000",https://www.coupang.com/vp/products/7623579480?itemId=20624047116&vendorItemId=87401376135,https://thumbnail7.coupangcdn.com/thumbnails/remote/700x700ex/image/retail/images/2609207627914597-8f743241-a016-4b20-86fc-54964f93f7db.jpg
" HP 2023 네로 15s 가성비 사무용 노트북 [사은품증정], 15s-eq2259AU, WIN11 Pro, 16GB, 512GB, 라이젠7, 실버 ","719,000",https://www.coupang.com/vp/products/7746883391?itemId=20856903260&vendorItemId=87924388457,https://thumbnail6.coupangcdn.com/thumbnails/remote/700x700ex/image/vendor_inventory/8b32/1eb444b93b473e325bf9d9e8f46b8b789bcec6d19e3d727303c8e29b8738.jpg
" 레노버 2023 씽크북 15 G5 ABP 15 라이젠5 라이젠 7000 시리즈, 미네랄 그레이, 256GB, 8GB, Free DOS, 21JF0004KR ","649,000",https://www.coupang.com/vp/products/7525387197?itemId=18707773976&vendorItemId=85841047724,https://thumbnail6.coupangcdn.com/thumbnails/remote/700x700ex/image/retail/images/2023/05/01/18/0/0a62e428-5e77-4dfc-ae0c-25102d5254c9.jpg
" 삼성노트북 NT550XED-K24A 윈도우11탑재 가성비 학생용 인강용 사무용 싼노트북 노트북추천 한컴오피스 증정, 실버(D-K24AS), 펜티엄, 128GB, 8GB, WIN11 Pro ","579,000",https://www.coupang.com/vp/products/7757746664?itemId=20912922338&vendorItemId=85435653514,https://thumbnail6.coupangcdn.com/thumbnails/remote/700x700ex/image/vendor_inventory/6feb/dec95f2c9a2220dc706dd9154a3b9f2800b76f979bde4cdd372aaa46229a.png
" MSI CYBORG 15 A12VF [이벤트 한정특가 / 사은품증정], WIN11 Pro, 32GB, 1TB, 코어i7, 블랙 ","1,499,000",https://www.coupang.com/vp/products/7212464697?itemId=18256129472&vendorItemId=89259522839,https://thumbnail10.coupangcdn.com/thumbnails/remote/700x700ex/image/vendor_inventory/3c66/18f55989a8d458041337a14498af33cff95c7b756ab86611c0aae6e2612e.jpg
" 델 2023 인스피론 15 3535 라이젠5 라이젠 7000 시리즈, 카본 블랙, 512GB, 16GB, WIN11 Home, DN3535-W002KR ","799,000",https://www.coupang.com/vp/products/7883085520?itemId=21563562430&vendorItemId=88615849109,https://thumbnail8.coupangcdn.com/thumbnails/remote/700x700ex/image/retail/images/2024/02/06/18/6/afa0e2aa-f718-45e8-9825-841001a4f55c.jpg
" 에이수스 2024 TUF 게이밍 A15 라이젠7 라이젠 7000 시리즈 지포스 RTX 4050, Mecha Gray, 512GB, 16GB, Free DOS, FA507NU-LP163 ","1,259,160",https://www.coupang.com/vp/products/7856545356?itemId=21427965237&vendorItemId=88484049418,https://thumbnail8.coupangcdn.com/thumbnails/remote/700x700ex/image/retail/images/2024/01/25/15/8/b91c5e23-5fe5-4161-af69-3ab4c5f03f33.jpg
" LG 노트북 코어i5 4세대 8세대 15.6인치 SSD240G RAM8G 사무용 가정용 윈도우10, LG15N540, WIN10, 8GB, 256GB, 실버 ","271,950",https://www.coupang.com/vp/products/7108837845?itemId=17765316762&vendorItemId=86359968666,https://thumbnail7.coupangcdn.com/thumbnails/remote/700x700ex/image/vendor_inventory/a6af/43e30c37a50112c939ce0ba235afdb2d5365c2df1709f9ca3fe81704590d.jpg
" 레노버 2022 ThinkPad E15 G4 15.6 라이젠5 라이젠 5000 시리즈, Black, 256GB, 16GB, Free DOS, 21ED004EKD ","556,010",https://www.coupang.com/vp/products/7685586594?itemId=19725742753&vendorItemId=86822254796,https://thumbnail10.coupangcdn.com/thumbnails/remote/700x700ex/image/rs_quotation_api/6n2yh8es/897ec121f3be440eb29af09873ab7b36.jpg
" 레노버 2022 ideapad Slim 3 17ABA7 17.3 코어i5 인텔 12세대, Arctic Grey, 256GB, 16GB, Free DOS, 82RL0029KR ","641,600",https://www.coupang.com/vp/products/7435148943?itemId=21714718517&vendorItemId=88753629637,https://thumbnail8.coupangcdn.com/thumbnails/remote/700x700ex/image/retail/images/2022/06/24/14/1/bbbefcb1-310b-4588-a5cd-84821e325f06.jpg
" 레노버 2023 V14 G4 라이젠5 라이젠 7000 시리즈, ARCTIC GREY, 256GB, 8GB, Free DOS, 82YT000DKR ","549,000",https://www.coupang.com/vp/products/7485272210?itemId=21331976796&vendorItemId=86670284649,https://thumbnail9.coupangcdn.com/thumbnails/remote/700x700ex/image/retail/images/2023/07/24/10/4/50c83bf5-18a0-4765-b951-d3a2494cf162.png
" MSI 2023 GF63 씬 12VE 15.6 코어i5 인텔 12세대 지포스 RTX 4050, 블랙, 512GB, 8GB, Free DOS, MS-16R1 ","1,074,870",https://www.coupang.com/vp/products/7685481087?itemId=18281552510&vendorItemId=85427484838,https://thumbnail10.coupangcdn.com/thumbnails/remote/700x700ex/image/rs_quotation_api/fsfbu2e5/046710210c3e43c890dcebbaa42b81a0.jpg
" DELL XPS 13 9343 5세대i5 램8G SSD256G 윈10 QHD/터치스크린/새배터리, WIN10, 8GB, 256GB, 코어i5, 실버 ","369,000",https://www.coupang.com/vp/products/6624550360?itemId=15075801907&vendorItemId=84584859573,https://thumbnail9.coupangcdn.com/thumbnails/remote/700x700ex/image/vendor_inventory/811e/608be1131f8af57e070e53ae81258e04cd8c9728c631ea7ef8372ec2c0ff.jpg
" LG전자 2023 울트라PC 15 15U40R-GRTWK - WIN11 설치 모델로 출고됩니다., WIN11 Home, 16GB, 256GB, 라이젠3, 화이트 ","639,000",https://www.coupang.com/vp/products/7742204752?itemId=20832770484&vendorItemId=87900844397,https://thumbnail7.coupangcdn.com/thumbnails/remote/700x700ex/image/vendor_inventory/2ce7/35a4c3b73eebf15dcadbf058e0667fec627183f63ca92f12c978ab38d75b.png
" 레노버 2023 V15 G4 코어i5 인텔 13세대, Iron Gray, 256GB, 16GB, Win11 HOME, 83A10001KR ","804,980",https://www.coupang.com/vp/products/7598185753?itemId=20470038749&vendorItemId=87537608725,https://thumbnail6.coupangcdn.com/thumbnails/remote/700x700ex/image/retail/images/2023/09/14/16/8/452ad541-0a0f-47f3-9204-ee54a33566dd.jpg
" MSI 2023 GF63 씬 15.6 코어i5 인텔 12세대 지포스 RTX 2050, 블랙, 512GB, 8GB, Free DOS, Thin GF63 12UCX-i5 (636XKR) ","805,600",https://www.coupang.com/vp/products/7743905622?itemId=20841547615&vendorItemId=87909273660,https://thumbnail6.coupangcdn.com/thumbnails/remote/700x700ex/image/retail/images/2023/11/28/11/1/33cce948-48bc-4b3b-9ff1-0fa4226e9f88.png
" HP 2023 노트북 15 코어i3 인텔 13세대, Jet Black, 256GB, 8GB, WIN11 Home, 15-fd0101TU ","599,000",https://www.coupang.com/vp/products/7305713234?itemId=18645189440&vendorItemId=85780199523,https://thumbnail8.coupangcdn.com/thumbnails/remote/700x700ex/image/retail/images/278349290767009-8eaefe87-fbf8-459f-8914-78420d53a2a8.jpg
" 레노버 2023 씽크북 15 G5 IRL 15 코어i5 인텔 13세대, 미네랄 그레이, 256GB, 16GB, Free DOS, 21JD003YKR ","826,250",https://www.coupang.com/vp/products/7278609987?itemId=19725822919&vendorItemId=86822253814,https://thumbnail8.coupangcdn.com/thumbnails/remote/700x700ex/image/retail/images/1657233536513849-ef1ff04d-9f08-49bc-8269-abcc890149aa.jpg
" 레노버 2023 씽크북 14 G5 ABP 라이젠5 라이젠 7000 시리즈, 미네랄 그레이, 256GB, 8GB, Free DOS, 21JE0004KR ","602,550",https://www.coupang.com/vp/products/7525372720?itemId=18606318010&vendorItemId=85742216223,https://thumbnail8.coupangcdn.com/thumbnails/remote/700x700ex/image/retail/images/2023/04/21/16/1/cca9d123-56fa-471a-86f0-8445c13392f4.jpg
" 에이수스 2024 TUF 게이밍 F17 코어i7 인텔 13세대 지포스 RTX 4050, 메카 그레이, 512GB, 32GB, Free DOS, FX707VU-HX107 ","1,449,000",https://www.coupang.com/vp/products/7881914474?itemId=21880176070&vendorItemId=88924365014,https://thumbnail9.coupangcdn.com/thumbnails/remote/700x700ex/image/retail/images/2024/02/06/17/8/93cb2ec7-386f-4b08-ad59-db15c4ea4741.jpg
" HP 2024 빅터스 15 코어i5 인텔 13세대 지포스 RTX 3050, Mica Silver, 512GB, 16GB, Win11 Home, 15-fa1245TX ","1,040,990",https://www.coupang.com/vp/products/7813921805?itemId=21714872348&vendorItemId=88753629593,https://thumbnail8.coupangcdn.com/thumbnails/remote/700x700ex/image/retail/images/2024/01/04/12/0/8323080c-54eb-4a31-a7ce-af277372fa2e.jpg
" 삼성전자 갤럭시북 15.6 재택근무 학습용 노트북 한컴오피스팩 및 국내 정품 윈도우 패키지 동봉, NT550-I5, WIN11 Home, 8GB, 250GB, 코어i5, 그라파이트 ","829,000",https://www.coupang.com/vp/products/6703045034?itemId=15532761776&vendorItemId=89292171744,https://thumbnail9.coupangcdn.com/thumbnails/remote/700x700ex/image/vendor_inventory/5d26/717fe8bc7f7b49270676df2049d696a6b696b11c35a4c799b1b736c7873b.jpg
" Apple 2020 맥북 에어 13, 실버, M1, 256GB, 8GB, A2337 ","1,064,520",https://www.coupang.com/vp/products/4322481134?itemId=5033261361&vendorItemId=72343055403,https://thumbnail9.coupangcdn.com/thumbnails/remote/700x700ex/image/retail/images/399231611474184-c0639a93-533c-4ea0-a55c-c466d2bcec25.jpg
" HP 2023 파빌리온 플러스 14 코어i5 인텔 13세대, 내추럴 실버, 512GB, 16GB, WIN11 Home, 14-ew0018TU ","1,098,000",https://www.coupang.com/vp/products/7634635714?itemId=20270585747&vendorItemId=87357707040,https://thumbnail6.coupangcdn.com/thumbnails/remote/700x700ex/image/rs_quotation_api/zodmvqxy/bb8a6ca739d54675bff72a33509a5cde.jpg
" 에이수스 2024 TUF 게이밍 F17 코어i7 인텔 13세대 지포스 RTX 4050, 메카 그레이, 1536GB, 32GB, Free DOS, FX707VU-HX107 ","1,676,000",https://www.coupang.com/vp/products/7881914474?itemId=21880186610&vendorItemId=88924362984,https://thumbnail9.coupangcdn.com/thumbnails/remote/700x700ex/image/retail/images/2024/02/06/17/8/93cb2ec7-386f-4b08-ad59-db15c4ea4741.jpg
" 에이서 2023 스위프트 엣지 OLED 16 라이젠7 라이젠 7000 시리즈, Glacier Blue, 512GB, 16GB, Free DOS, SFE16-42-R3TY ","1,029,000",https://www.coupang.com/vp/products/7458562479?itemId=19435336277&vendorItemId=86546495952,https://thumbnail9.coupangcdn.com/thumbnails/remote/700x700ex/image/retail/images/2023/07/11/15/5/72c215de-df76-4854-9642-c8d283b086ae.jpg
" HP 2024 노트북 14 코어i5 인텔 13세대, Natural Silver, 512GB, 8GB, WIN11 Home, 14-ep0185TU ","770,690",https://www.coupang.com/vp/products/7912875948?itemId=21717611717&vendorItemId=88766888830,https://thumbnail10.coupangcdn.com/thumbnails/remote/700x700ex/image/retail/images/2024/02/22/15/0/c41f87c0-d676-4dbb-a9ce-1a25adf78017.jpg
" 아이뮤즈 2020 스톰북 14.1 셀러론, White, 64GB, 4GB, Free DOS, StormBooK14 ","229,000",https://www.coupang.com/vp/products/1797052276?itemId=2251645099&vendorItemId=70249015004,https://thumbnail7.coupangcdn.com/thumbnails/remote/700x700ex/image/retail/images/1514167314503946-4a0b8d54-6bfa-4cb7-a7f4-678fc4eb9840.jpg
" 삼성 15.6인치 12세대 갤럭시북2 윈도우11 프로, NT550XEZ, WIN11 Pro, 16GB, 256GB ","719,000",https://www.coupang.com/vp/products/7789815300?itemId=21072701438&vendorItemId=89011219546,https://thumbnail7.coupangcdn.com/thumbnails/remote/700x700ex/image/vendor_inventory/559e/9faa5fa96d1f647a38d37e5aa2b426e11353154a0fe4b5418336709a1c6b.jpg
" 레노버 2022 씽크패드 L13 G2 라이젠5 라이젠 5000 시리즈, Black, 256GB, 8GB, WIN10 Pro, ThinkPad L13 G2 ","679,500",https://www.coupang.com/vp/products/7827723657?itemId=20067233831&vendorItemId=87163079326,https://thumbnail9.coupangcdn.com/thumbnails/remote/700x700ex/image/retail/images/2023/09/12/15/8/597fa25d-1659-484f-b6d2-0fe74004cf65.jpg
" 레노버 2024 요가 슬림 7 14IMH9 코어Ultra5 인텔 14세대, Luna Grey, 512GB, 16GB, Win11 Home, 83CV0027KR ","1,401,400",https://www.coupang.com/vp/products/7883984804?itemId=21880302081&vendorItemId=88924150330,https://thumbnail10.coupangcdn.com/thumbnails/remote/700x700ex/image/retail/images/2024/02/07/18/0/644daa54-f962-4c75-ae2b-5e03490bb21e.jpg
" 레노버 2024 아이디어패드 5i 프로 14IMH 코어Ultra7, Arctic Grey, 2TB, 32GB, Free DOS, 83D2001DKR ","1,448,990",https://www.coupang.com/vp/products/7883087795?itemId=21880242148&vendorItemId=88924361898,https://thumbnail8.coupangcdn.com/thumbnails/remote/700x700ex/image/retail/images/2024/02/06/18/5/fb24d0ad-da62-40a4-8101-067011173cb4.jpg
" MSI 2023 CYBORG 15 15.6 코어i7 인텔 12세대 지포스 RTX 4060, 블랙, 512GB, 8GB, Free DOS, MS-15K ","1,199,000",https://www.coupang.com/vp/products/7689420062?itemId=18244172520&vendorItemId=85391040183,https://thumbnail6.coupangcdn.com/thumbnails/remote/700x700ex/image/retail/images/2023/03/20/15/9/865cefeb-14bb-402d-a388-80e8f7b5ee1a.jpg
" 에이수스 2024 TUF 게이밍 F17 코어i7 인텔 13세대 지포스 RTX 4050, 메카 그레이, 512GB, 32GB, Win11 Home, FX707VU-HX107 ","1,535,060",https://www.coupang.com/vp/products/7881914474?itemId=21880192828&vendorItemId=88924362721,https://thumbnail9.coupangcdn.com/thumbnails/remote/700x700ex/image/retail/images/2024/02/06/17/8/93cb2ec7-386f-4b08-ad59-db15c4ea4741.jpg
" 삼성 갤럭시북3 프로 14형 인텔 13세대 윈도우11 사무용 가벼운 고사양 노트북, 베이지, 갤럭시북3프로, 코어i5, 256GB, 16GB, WIN11 Home ","1,379,000",https://www.coupang.com/vp/products/7694670793?itemId=20585529461&vendorItemId=89357086767,https://thumbnail8.coupangcdn.com/thumbnails/remote/700x700ex/image/vendor_inventory/6cd1/82530777f65a423f9d5e2d5e80632e0ea862b43003cf710de5f667b6ef8f.jpg
" HP 2023 빅터스 15 코어i5 인텔 12세대 지포스 RTX 4050, Mica Silver, 512GB, 16GB, WIN11 Home, 15-fa1108TX ","1,323,740",https://www.coupang.com/vp/products/7420594832?itemId=20142275050&vendorItemId=87223808338,https://thumbnail9.coupangcdn.com/thumbnails/remote/700x700ex/image/retail/images/4032731915319711-84471558-54f4-414a-acc0-52dbd043257e.jpg
" 레노버 2023 V14 G4 IRU 코어i3 인텔 13세대, Iron Gray, 256GB, 16GB, Win11 HOME, 83A00006KR ","776,350",https://www.coupang.com/vp/products/7539256992?itemId=20470212513&vendorItemId=87537608322,https://thumbnail10.coupangcdn.com/thumbnails/remote/700x700ex/image/retail/images/2023/09/26/15/3/c28406c4-7f28-4ff7-aac8-fbb0a412c9f1.jpg
" HP 2023 엔비 x360 15.6 코어i7 인텔 12세대, Natural Silver Aluminum, 512GB, 16GB, WIN11 Home, 15-ew0051TU ","1,179,000",https://www.coupang.com/vp/products/7685565317?itemId=18873390331&vendorItemId=86002066281,https://thumbnail10.coupangcdn.com/thumbnails/remote/700x700ex/image/retail/images/2023/05/18/10/6/efa459a5-a20c-48fc-ae46-758e2bb900d6.jpg
" LG전자 2023 울트라PC 코어i5 인텔 13세대, 화이트, 512GB, 8GB, WIN11 Home, 15U50R-GR5CK ","1,157,000",https://www.coupang.com/vp/products/7337730618?itemId=18852414367&vendorItemId=85981675969,https://thumbnail10.coupangcdn.com/thumbnails/remote/700x700ex/image/retail/images/2815199627195932-84501b68-6ed4-42e4-a45f-9b40e33d6e13.jpg
" 삼성 NT501R5L I5-6200/8G/SSD256G/15.6/WIN10, WIN10 Pro, 8GB, 256GB, 코어i5, 블랙 ","278,000",https://www.coupang.com/vp/products/6429531818?itemId=13869828179&vendorItemId=87416878360,https://thumbnail9.coupangcdn.com/thumbnails/remote/700x700ex/image/vendor_inventory/4c42/5966bff61ca5ce4c8ed964e571519fb9308c3e6eb9c2deb5d6794483d7eb.jpg
" HP 2023 빅터스 15.6 코어i5 인텔 12세대 지포스 RTX 4060, Mica Silver, 512GB, 16GB, Free DOS, 15-fa1107TX ","1,238,000",https://www.coupang.com/vp/products/7551830418?itemId=19875939537&vendorItemId=86976568573,https://thumbnail9.coupangcdn.com/thumbnails/remote/700x700ex/image/retail/images/2023/08/24/17/0/930d72af-b73a-4b49-984b-5752467adb9a.jpg
" MSI Sword GF76 게이밍 노트북 17.3, 블랙, 1024GB, 16GB, Free DOS, B13VFK 212 ","1,462,920",https://www.coupang.com/vp/products/7623524215?itemId=21283316646&vendorItemId=88331188564,https://thumbnail8.coupangcdn.com/thumbnails/remote/700x700ex/image/retail/images/532201558075832-54c9708d-90ca-4954-9772-43073d7380bb.jpg
" Apple 2022 맥북 에어 13 M2, 미드나이트, M2 8코어, GPU 8코어, 256GB, 8GB, 30W, 한글, MLY33KH/A ","1,334,400",https://www.coupang.com/vp/products/6645530847?itemId=15073113805&vendorItemId=82295358852,https://thumbnail6.coupangcdn.com/thumbnails/remote/700x700ex/image/retail/images/2022/07/05/10/0/858f1bfc-a227-496c-b6e8-ba366da71076.jpeg
" 레노버 2024 LOQ 15IRX 코어i7 인텔 14세대 지포스 RTX 4060, Luna Grey, 1024GB, 32GB, Win11 Home, 83DV004CKR ","1,838,000",https://www.coupang.com/vp/products/7823676816?itemId=21880036338&vendorItemId=88924363390,https://thumbnail9.coupangcdn.com/thumbnails/remote/700x700ex/image/retail/images/5182997984970069-2ce5a31c-fbe9-4cf0-8f9a-cedb2cf9c329.jpg
" 삼성전자 갤럭시북4 프로 NT960XGK-K71A 16인치 인텔 울트라7 영상편집 사무용 코딩용 대학생 고사양 120Hz 터치스크린 윈도우11 노트북, WIN11 Home, 32GB, 1TB, 문스톤 그레이 ","2,249,000",https://www.coupang.com/vp/products/7800092403?itemId=21122817123&vendorItemId=89355519104,https://thumbnail10.coupangcdn.com/thumbnails/remote/700x700ex/image/vendor_inventory/c79b/d1b6fb01b360fd863d20d259d58bc61dd7a4813b53f85658f0207d48490b.jpg
" 삼성노트북 NT550XED-K24A 윈도우11탑재 가성비 인강용 사무용 학생용 업무용 노트북 추천 한컴오피스 증정, 그라파이트, 펜티엄, 512GB, 16GB, Windows11Pro ","689,000",https://www.coupang.com/vp/products/7761832619?itemId=20932936462&vendorItemId=87802699301,https://thumbnail8.coupangcdn.com/thumbnails/remote/700x700ex/image/vendor_inventory/30ad/54e8d873a6336b3d0034f241c006e09e37dda5cb950c317b845217082b5b.jpg
" LG전자 2023 그램 16 코어i5 인텔 13세대, 스노우 화이트, 256GB, 16GB, WIN11 Home, 16Z90RU-GAOWK ","1,909,440",https://www.coupang.com/vp/products/7389889714?itemId=19059391472&vendorItemId=86182358190,https://thumbnail6.coupangcdn.com/thumbnails/remote/700x700ex/image/retail/images/4865789165246440-b6baca43-9455-4bd7-9348-6b0496a6a29b.jpg
" 레노버 2023 씽크패드 E16 G1 코어i5 인텔 13세대, Graphite Black, 256GB, 16GB, WIN11 Home, 21JN002BKR ","1,029,000",https://www.coupang.com/vp/products/7814513437?itemId=20469908451&vendorItemId=87515678454,https://thumbnail7.coupangcdn.com/thumbnails/remote/700x700ex/image/retail/images/2023/09/14/18/3/6859d345-ed30-4148-a0bc-875781106e10.jpg
" 레노버 2023 아이디어패드 슬림 5 라이트 14ABR8 14 라이젠7 라이젠 7000 시리즈, CLOUD GREY, 512GB, 16GB, Free DOS, 82XS001AKR ","929,000",https://www.coupang.com/vp/products/7246569042?itemId=18423759521&vendorItemId=85565588072,https://thumbnail6.coupangcdn.com/thumbnails/remote/700x700ex/image/retail/images/2023/04/05/17/5/6cc0b17e-831b-4557-981b-fef44502f0fb.jpg
